{"actor/loss":-0.1922314167022705,"speed/sps":0.274034819044935,"_runtime":1841.1342536,"aux/reward_loss":0.009939126670360565,"wm/acc_l2":0.482421875,"env/episode_length":769,"env/episode_return":-21,"wm/acc_l1":0.634765625,"advantages/mean":-0.10729086399078369,"critic/loss":0.0029719865415245295,"aux/continue_loss":0.0030741263180971146,"wm/loss":1.5296653509140015,"_step":502,"returns/std":0.11071763187646866,"wm/acc_l0":0.8125000596046448,"horizon/current":15,"_timestamp":1.7740940736615465e+09,"actor/entropy":1.7917358875274658,"critic/value_mean":-0.3165382444858551,"returns/mean":-0.4037555158138275,"_wandb":{"runtime":1841}}